{"async": [[7, 0.17784881591796875], [8, 0.22495293617248535], [9, 0.403256893157959], [10, 0.7497580051422119], [11, 1.3541619777679443], [12, 2.3371920585632324], [13, 4.292392015457153], [14, 7.864684104919434]], "serial": [[7, 1.8114798069000244], [8, 3.135733127593994], [9, 5.6125359535217285], [10, 10.00173020362854], [11, 17.945777893066406], [12, 32.890109062194824], [13, 59.973366022109985], [14, 110.9768488407135]], "no IO": [[7, 0.00013113021850585938], [8, 0.0008990764617919922], [9, 0.0011341571807861328], [10, 0.002319812774658203], [11, 0.004408121109008789], [12, 0.008085966110229492], [13, 0.013730049133300781], [14, 0.02688002586364746]]}